{
  "project_info": {
    "project_number": "69357906528",
    "firebase_url": "https://todolist-c5c76-default-rtdb.firebaseio.com",
    "project_id": "todolist-c5c76",
    "storage_bucket": "todolist-c5c76.appspot.com"
  },
  "client": [
    {
      "client_info": {
        "mobilesdk_app_id": "1:69357906528:android:641583ee7ce94262b8f105",
        "android_client_info": {
          "package_name": "id.example.mylist"
        }
      },
      "oauth_client": [
        {
          "client_id": "69357906528-8n459bikk2986vs6oqo23auc6h6rvtme.apps.googleusercontent.com",
          "client_type": 3
        }
      ],
      "api_key": [
        {
          "current_key": "AIzaSyDcN2mK97Zs1J0bJ4vXIvYVWY8Ag3bduMc"
        }
      ],
      "services": {
        "appinvite_service": {
          "other_platform_oauth_client": [
            {
              "client_id": "69357906528-8n459bikk2986vs6oqo23auc6h6rvtme.apps.googleusercontent.com",
              "client_type": 3
            }
          ]
        }
      }
    }
  ],
  "configuration_version": "1"
}